{
  "v3_urgent_buy_volume_lo": 62611.91546754487,
  "v3_urgent_buy_volume_hi": 28941.05212579156,
  "v3_urgent_buy_volume_pow": 0.9899074879569184,
  "v3_buy_volume_lo": 14185.343715504672,
  "v3_buy_volume_hi": 14412.519282500634,
  "v3_buy_volume_pow": 3.8645344770845624,
  "v3_buy_price_drop_lo": 1.0001691057058586,
  "v3_buy_price_drop_hi": 0.9139339777281765,
  "v3_buy_price_drop_pow": 2.5955461408086604,
  "v3_buy_decay_lo": 0.46388235232182196,
  "v3_buy_decay_hi": 0.07291789313962796,
  "v3_buy_decay_pow": 1.6503555516463346,
  "v3_buy_psy_lo": -0.045038772278727636,
  "v3_buy_psy_hi": 0.09891165829464452,
  "v3_buy_psy_pow": 2.798707868114845,
  "v3_buy_wait_lo": 365.9488927486119,
  "v3_buy_wait_hi": 342.68531177473767,
  "v3_buy_wait_pow": 3.6045043435648787,
  "v3_sell_stop_loss_lo": 0.7877204108152359,
  "v3_sell_stop_loss_hi": 0.8165998188029643,
  "v3_sell_stop_loss_pow": 1.454472792686957,
  "v3_sell_profit_lo": 1.80484552799085,
  "v3_sell_profit_hi": 1.5696399672341914,
  "v3_sell_profit_pow": 1.3748554546943423,
  "v3_sell_volume_lo": 6744.207361597369,
  "v3_sell_volume_hi": 74925.72153452766,
  "v3_sell_volume_pow": 2.7941513284730317,
  "v3_sell_decay_lo": 0.16818270871103433,
  "v3_sell_decay_hi": 0.11503234645137583,
  "v3_sell_decay_pow": 1.746062046628949,
  "v3_sell_fixed_sl_lo": 0.06453107808866003,
  "v3_sell_fixed_sl_hi": 0.17193014161276252,
  "v3_sell_fixed_sl_pow": 3.0810950760152993,
  "v3_sell_max_hold_lo": 496.8466817265788,
  "v3_sell_max_hold_hi": 299.50240560412647,
  "v3_sell_max_hold_pow": 1.6383913083627628,
  "v3_fee_rate": 0.0009180962492289352,
  "v3_min_hold_bars": 36,
  "v3_volume_lookback": 54
}